{
    "loss": 0.5869371274770316,
    "mse": 2.460373351129435
}