{
    "loss": 0.9152171783528086,
    "mse": 1.4584187855154782
}