{
    "loss": 2.55701715663328,
    "mse": 50.804560645151945
}