{
    "loss": 0.9331851621805611,
    "mse": 1.6402425281072066
}