{
    "loss": 3.168634952124903,
    "mse": 50.61495389776715
}