{
    "loss": 0.5579626034882109,
    "mse": 2.231239330970635
}