{
    "loss": 0.5066080785403817,
    "mse": 2.0445741091744374
}