{
    "loss": 0.5959290397369256,
    "mse": 2.683721861596835
}