{
    "loss": 0.4626950465016446,
    "mse": 1.689796391180006
}