{
    "loss": 1.1749517857018164,
    "mse": 0.9453571650941494
}